Student ID,Attend Comm,General Tickets,Additional Tickets,Accommodation Tickets,Accommodation Ticket Type
60471813,Y,3,1,4,MOB-7A
60464246,Y,5,7,2,MOB-6A
60516535,Y,7,3,0, 
60567134,Y,7,0,0, 
60464586,Y,7,0,0, 
60675854,Y,4,0,0, 
60472002,Y,7,6,0, 
60478437,Y,7,6,0, 
60468026,Y,7,0,0, 
60468007,Y,7,0,0, 
60464163,Y,3,5,4,MOB-6A
60511336,Y,7,5,0, 
60471859,Y,7,0,0, 
60467887,Y,7,0,0, 
60513476,Y,7,10,0, 
60468510,Y,4,2,0, 
60488552,Y,7,0,0, 
60464280,Y,7,0,0, 
60467275,Y,7,5,0, 
60470133,Y,7,0,0, 
60464317,Y,7,3,0, 
60467989,Y,7,0,0, 
60585212,Y,7,2,0, 
60493043,Y,7,0,0, 
60577163,Y,3,3,0, 
60566448,Y,3,0,0, 
60612882,Y,7,7,0, 
60468563,Y,7,0,0, 
60632725,Y,7,5,0, 
60478461,Y,5,3,2,MOB-7A
60465964,Y,7,5,0, 
60585485,Y,6,0,0, 
60503923,Y,7,5,0, 
60649361,Y,7,0,0, 
60472631,Y,7,7,0, 
60465315,Y,7,0,0, 
60550975,Y,7,5,0, 
60464590,Y,7,2,0, 
60469113,Y,7,5,0, 
60468929,Y,7,7,0, 
60468333,Y,7,5,0, 
60464604,Y,7,0,0, 
60465351,Y,7,3,0, 
60579458,Y,7,7,0, 
60465904,Y,5,5,2,MOB-6A
60621331,Y,7,3,0, 
60491645,Y,7,3,0, 
60468182,Y,7,3,0, 
60664721,Y,7,7,0, 
60464908,Y,7,7,0, 
60465533,Y,7,5,0, 
60468529,Y,5,1,2,MOB-6A
60464214,Y,7,23,0, 
60467487,Y,7,3,0, 
60464354,Y,7,3,0, 
60467660,Y,5,10,2,MOB-6A
60469139,Y,7,0,0, 
60504395,Y,6,0,0, 
60482776,Y,7,10,0, 
60469069,Y,7,3,0, 
60478503,Y,7,5,0, 
60501100,Y,7,0,0, 
60470193,Y,7,4,0, 
60495934,Y,7,0,0, 
60535100,Y,7,10,0, 
60481095,Y,5,0,0, 
60464290,Y,7,7,0, 
60483870,Y,4,0,0, 
60607779,Y,7,0,0, 
60468326,Y,7,2,0, 
60652183,Y,7,0,0, 
60658093,Y,7,0,0, 
60628130,Y,7,5,0, 
60469493,Y,4,0,0, 
60467312,Y,7,9,0, 
60466247,Y,7,5,0, 
60464229,Y,7,4,0, 
60468297,Y,7,0,0, 
60468464,Y,7,15,0, 
60613037,Y,7,0,0, 
60472322,Y,7,0,0, 
60468961,Y,6,0,0, 
60464402,Y,7,2,0, 
60578624,Y,5,0,0, 
60551515,Y,7,7,0, 
60470530,Y,7,8,0, 
60464639,Y,7,0,0, 
60467557,Y,7,4,0, 
60464625,Y,7,5,0, 
60480108,Y,7,3,0, 
60565822,Y,7,0,0, 
60464239,Y,7,2,0, 
60464297,Y,7,10,0, 
60608270,Y,5,0,0, 
60464292,Y,7,2,0, 
60464262,Y,7,5,0, 
60531434,Y,4,0,0, 
60464344,Y,7,4,0, 
60465848,Y,7,7,0, 
60464390,Y,7,35,0, 
60550451,Y,7,2,0, 
60469948,Y,7,2,0, 
60466615,Y,7,3,0, 
60464830,Y,7,5,0, 
60467737,Y,7,7,0, 
60662324,Y,1,0,0, 
60464245,Y,7,0,0, 
60638150,Y,7,14,0, 
60478070,Y,7,0,0, 
60464731,Y,7,10,0, 
60464106,Y,5,4,2,MOB-7A
60465596,Y,7,3,0, 
60480773,Y,4,0,0, 
60577106,Y,7,0,0, 
60468000,Y,7,0,0, 
60464323,Y,7,0,0, 
60464266,Y,7,0,0, 
60468355,Y,7,0,0, 
60478676,Y,7,7,0, 
60465994,Y,7,0,0, 
60465955,Y,7,0,0, 
60512225,Y,3,7,4,MOB-7A
60466134,Y,7,1,0, 
60507800,Y,7,10,0, 
60621716,Y,7,4,0, 
60468263,Y,7,10,0, 
60469923,Y,7,3,0, 
60467438,Y,7,9,0, 
60471994,Y,7,7,0, 
60469874,Y,7,14,0, 
60464213,Y,7,5,0, 
60465975,Y,7,13,0, 
60464898,Y,3,7,0, 
60464300,Y,7,5,0, 
60464742,Y,7,14,0, 
60468716,Y,7,20,0, 
60482076,Y,7,7,0, 
60464425,Y,7,10,0, 
60465996,Y,7,1,0, 
60473031,Y,7,6,0, 
60471569,Y,7,0,0, 
60471444,Y,7,5,0, 
60662932,Y,7,5,0, 
60464273,Y,7,7,0, 
60515689,Y,7,4,0, 
60464252,Y,7,6,0, 
60464591,Y,7,2,0, 
60471086,Y,7,7,0, 
60466519,Y,7,2,0, 
60465914,Y,7,2,0, 
60468078,Y,7,0,0, 
60569612,Y,7,0,0, 
60464281,Y,7,2,0, 
60482659,Y,7,18,0, 
60534787,Y,7,7,0, 
60531207,Y,7,0,0, 
60469215,Y,7,3,0, 
60468861,Y,5,15,2,MOB-7A
60471665,Y,7,5,0, 
60478951,Y,7,7,0, 
60464154,Y,7,5,0, 
60465125,Y,7,23,0, 
60468262,Y,7,8,0, 
60472808,Y,7,5,0, 
60487724,Y,7,10,0, 
60466843,Y,7,3,0, 
60465830,Y,7,0,0, 
60470491,Y,7,3,0, 
60470466,Y,7,0,0, 
60542009,Y,7,7,0, 
60468390,Y,7,20,0, 
60467593,Y,7,7,0, 
60464363,Y,7,3,0, 
60464258,Y,7,35,0, 
60466689,Y,7,5,0, 
60488013,Y,7,2,0, 
60472961,Y,7,0,0, 
60467925,Y,7,0,0, 
60468414,Y,7,3,0, 
60468375,Y,7,3,0, 
60465473,Y,7,0,0, 
60518033,Y,7,2,0, 
60619977,Y,7,0,0, 
60468703,Y,7,0,0, 
60546566,Y,7,5,0, 
60466895,Y,7,0,0, 
60468101,Y,7,0,0, 
60478413,Y,7,1,0, 
60496466,Y,7,3,0, 
60532892,Y,3,0,0, 
60604543,Y,7,10,0, 
60623513,Y,7,0,0, 
60471921,Y,4,0,0, 
60465349,Y,7,0,0, 
60464763,Y,7,0,0, 
60467141,Y,7,3,0, 
60468208,Y,5,0,0, 
60524483,Y,7,0,0, 
60467460,Y,7,10,0, 
60468102,Y,7,10,0, 
60470083,Y,7,20,0, 
60501097,Y,7,10,0, 
60467268,Y,7,3,0, 
60637481,Y,7,3,0, 
60624356,Y,7,0,0, 
60472268,Y,7,5,0, 
60464724,Y,7,8,0, 
60467552,Y,7,15,0, 
60468197,Y,7,10,0, 
60466917,Y,7,0,0, 
60469712,Y,7,2,0, 
60464208,Y,7,2,0, 
60464488,Y,7,3,0, 
60467052,Y,7,1,0, 
60464384,Y,7,3,0, 
60588026,Y,7,0,0, 
60470387,Y,5,0,2,MOB-6A
60468505,Y,7,0,0, 
60465834,Y,7,5,0, 
60468811,Y,3,4,4,MOB-7A
60464227,Y,5,5,2,MOB-7A
60641197,Y,7,0,0, 
60502659,Y,7,7,0, 
60468686,Y,7,2,0, 
60464327,Y,7,7,0, 
60475902,Y,7,2,0, 
60484301,Y,7,0,0, 
60464796,Y,7,20,0, 
60481953,Y,7,4,0, 
60471891,Y,7,5,0, 
60471162,Y,7,0,0, 
60466679,Y,7,2,0, 
60466460,Y,7,6,0, 
60464242,Y,7,3,0, 
60465563,Y,7,0,0, 
60464623,Y,7,10,0, 
60464228,Y,7,8,0, 
60466116,Y,7,10,0, 
60466446,Y,7,5,0, 
60518000,Y,7,4,0, 
60469090,Y,7,10,0, 
60472841,Y,7,0,0, 
60479717,Y,1,7,4,MOB-7A
60478559,Y,6,0,0, 
60464426,Y,7,7,0, 
60464666,Y,7,0,0, 
60465014,Y,7,0,0, 
60464544,Y,7,8,0, 
60464661,Y,7,8,0, 
60464303,Y,7,7,0, 
60471011,Y,7,2,0, 
60494991,Y,7,3,0, 
60627269,Y,7,3,0, 
60647417,Y,5,0,0, 
60612846,Y,5,0,0, 
60469648,Y,7,8,0, 
60469994,Y,7,10,0, 
60464461,Y,7,3,0, 
60492365,Y,7,0,0, 
60469420,Y,7,0,0, 
60467029,Y,3,0,4,MOB-7A
60629642,Y,2,0,0, 
60658188,Y,7,0,0, 
60469913,Y,3,0,4,MOB-6A
60464272,Y,7,3,0, 
60502398,Y,7,0,0, 
60464301,Y,7,0,0, 
60465308,Y,7,3,0, 
60508681,Y,7,0,0, 
60645169,Y,7,4,0, 
60464353,Y,7,5,0, 
60508406,Y,7,0,0, 
60560876,Y,5,0,0, 
60536263,Y,6,0,0, 
60471419,Y,7,0,0, 
60469045,Y,3,0,4,MOB-7A
60464547,Y,3,10,4,MOB-6A
60472109,Y,7,3,0, 
60608682,Y,7,2,0, 
60653623,Y,3,0,0, 
60468751,Y,7,10,0, 
60464779,Y,7,3,0, 
60638762,Y,7,5,0, 
60577554,Y,7,0,0, 
60472685,Y,5,4,2,MOB-7A
60468971,Y,7,3,0, 
60466317,Y,7,2,0, 
60468083,Y,5,7,2,MOB-6A
60469857,Y,7,18,0, 
60465251,Y,7,0,0, 
60469651,Y,7,16,0, 
60591315,Y,7,0,0, 
60464879,Y,7,0,0, 
60464986,Y,7,2,0, 
60491371,Y,7,5,0, 
60468068,Y,7,20,0, 
60468127,Y,7,5,0, 
60522904,Y,7,0,0, 
60468872,Y,7,5,0, 
60495593,Y,3,0,0, 
60471991,Y,7,7,0, 
60565504,Y,7,2,0, 
60512205,Y,7,3,0, 
60464467,Y,7,5,0, 
60467685,Y,7,0,0, 
60534338,Y,7,2,0, 
60476553,Y,7,6,0, 
60470623,Y,7,5,0, 
60466607,Y,7,16,0, 
60543945,Y,7,1,0, 
60545219,Y,5,0,0, 
60553067,Y,7,0,0, 
60477400,Y,7,5,0, 
60469571,Y,5,0,0, 
60536685,Y,7,0,0, 
60620285,Y,7,0,0, 
60496002,Y,5,0,0, 
60470512,Y,7,0,0, 
60467415,Y,3,0,4,MOB-6A
60465196,Y,7,3,0, 
60467147,Y,5,3,2,MOB-7A
60600516,Y,6,0,0, 
60464264,Y,7,13,0, 
60469535,Y,7,0,0, 
60468006,Y,7,5,0, 
60471908,Y,7,0,0, 
60469746,Y,2,0,0, 
60581071,Y,4,0,0, 
60556148,Y,5,0,0, 
60467562,Y,7,0,0, 
60644292,Y,7,1,0, 
60625699,Y,7,3,0, 
60515191,Y,7,14,0, 
60544537,Y,7,10,0, 
60468024,Y,7,10,0, 
60495821,Y,7,0,0, 
60477413,Y,7,0,0, 
60465497,Y,7,5,0, 
60464360,Y,7,6,0, 
60631256,Y,7,4,0, 
60661471,Y,7,0,0, 
60464456,Y,7,3,0, 
60464205,Y,7,5,0, 
60464951,Y,7,10,0, 
60464274,Y,7,3,0, 
60468436,Y,7,6,0, 
60507396,Y,7,1,0, 
60493385,Y,7,7,0, 
60468360,Y,7,15,0, 
60468089,Y,2,0,0, 
60464249,Y,7,5,0, 
60540341,Y,7,4,0, 
60464736,Y,7,4,0, 
60468015,Y,7,2,0, 
60467113,Y,5,0,0, 
60469861,Y,7,5,0, 
60482234,Y,4,0,0, 
60468981,Y,7,0,0, 
60468048,Y,7,13,0, 
60465743,Y,7,0,0, 
60469389,Y,7,0,0, 
60479162,Y,7,4,0, 
60566774,Y,7,3,0, 
60466479,Y,5,6,2,MOB-7A
60631173,Y,6,0,0, 
60469586,Y,5,0,0, 
60522595,Y,7,0,0, 
60464294,Y,7,3,0, 
60506765,Y,6,0,0, 
60468157,Y,4,0,2,MOB-6A
60471511,Y,7,2,0, 
60575927,Y,7,0,0, 
60482121,Y,7,5,0, 
60547683,Y,7,4,0, 
60464797,Y,7,5,0, 
60468717,Y,7,5,0, 
60544904,Y,5,0,2,MOB-7A
60464807,Y,7,0,0, 
60555433,Y,6,0,0, 
60661017,Y,7,0,0, 
60468548,Y,7,3,0, 
60486442,Y,5,0,2,MOB-7A
60661167,Y,5,0,0, 
60464472,Y,7,5,0, 
60466319,Y,7,10,0, 
60464095,Y,5,7,0, 
60466061,Y,7,3,0, 
60468980,Y,7,0,0, 
60467918,Y,7,0,0, 
60603710,Y,7,5,0, 
60483368,Y,7,10,0, 
60464554,Y,7,2,0, 
60468134,Y,7,7,0, 
60467797,Y,7,4,0, 
60478272,Y,7,0,0, 
60464379,Y,7,2,0, 
60490300,Y,2,0,0, 
60596504,Y,4,0,0, 
60478149,Y,5,0,0, 
60468075,Y,7,3,0, 
60546086,Y,7,20,0, 
60464305,Y,7,6,0, 
60466333,Y,7,0,0, 
60469346,Y,7,2,0, 
60491125,Y,7,5,0, 
60466150,Y,7,20,0, 
60642422,Y,5,2,0, 
60464533,Y,7,0,0, 
60468005,Y,7,3,0, 
60465922,Y,5,0,0, 
60469260,Y,7,5,0, 
60468699,Y,7,18,0, 
60464646,Y,7,1,0, 
60678936,Y,7,0,0, 
60476220,Y,7,10,0, 
60549503,Y,5,7,0, 
60468318,Y,7,5,0, 
60466157,Y,7,0,0, 
60469518,Y,3,0,0, 
60477401,Y,7,0,0, 
60468383,Y,7,4,0, 
60620110,Y,7,4,0, 
60494580,Y,7,0,0, 
60662064,Y,7,0,0, 
60465407,Y,7,0,0, 
60472298,Y,4,0,2,MOB-6A
60603308,Y,7,10,0, 
60519044,Y,7,20,0, 
60466030,Y,5,0,0, 
60464325,Y,7,7,0, 
60465885,Y,5,0,2,MOB-7A
60471500,Y,7,0,0, 
60466904,Y,7,0,0, 
60465029,Y,7,30,0, 
60613072,Y,7,4,0, 
60657856,Y,7,5,0, 
60468041,Y,7,3,0, 
60464254,Y,7,9,0, 
60478168,Y,7,0,0, 
60464545,Y,7,6,0, 
60543059,Y,7,10,0, 
60464307,Y,7,2,0, 
60465492,Y,7,3,0, 
60579361,Y,7,0,0, 
60465680,Y,6,0,0, 
60464342,Y,7,0,0, 
60464669,Y,7,4,0, 
60467773,Y,7,0,0, 
60613152,Y,7,7,0, 
60548623,Y,7,3,0, 
60467337,Y,7,7,0, 
60480709,Y,7,0,0, 
60517147,Y,3,0,2,MOB-7A
60464271,Y,7,10,0, 
60536359,Y,7,0,0, 
60493499,Y,3,10,0, 
60504912,Y,5,3,0, 
60636238,Y,6,0,0, 
60566960,Y,5,0,0, 
60468151,Y,3,0,0, 
60475231,Y,5,4,0, 
60471622,Y,7,0,0, 
60464643,Y,7,10,0, 
60468426,Y,7,7,0, 
60470727,Y,7,0,0, 
60471159,Y,7,2,0, 
60465061,Y,7,0,0, 
60491871,Y,7,2,0, 
60464256,Y,7,5,0, 
60532967,Y,6,0,0, 
60553793,Y,7,4,0, 
60502884,Y,7,5,0, 
60505951,Y,7,4,0, 
60464482,Y,7,5,0, 
60473201,Y,7,50,0, 
60569970,Y,1,0,0, 
60478687,Y,5,7,2,MOB-7A
60467169,Y,5,0,0, 
60519695,Y,7,0,0, 
60479011,Y,7,20,0, 
60480161,Y,5,0,0, 
60470076,Y,7,0,0, 
60662171,Y,7,0,0, 
60557781,Y,7,6,0, 
60494364,Y,5,0,0, 
60465158,Y,7,5,0, 
60464963,Y,7,0,0, 
60471782,Y,7,0,0, 
60465790,Y,7,0,0, 
60464347,Y,7,5,0, 
60466818,Y,7,20,0, 
60470745,Y,7,3,0, 
60464755,Y,7,4,0, 
60464636,Y,7,5,0, 
60479369,Y,7,3,0, 
60465764,Y,7,0,0, 
60464263,Y,7,0,0, 
60465583,Y,7,0,0, 
60472232,Y,7,0,0, 
60477074,Y,7,0,0, 
60464464,Y,7,0,0, 
60469933,Y,7,2,0, 
60464255,Y,5,7,0, 
60658733,Y,7,5,0, 
60465977,Y,7,0,0, 
60470376,Y,7,3,0, 
60643300,Y,6,0,0, 
60500945,Y,7,0,0, 
60476422,Y,7,2,0, 
60466181,Y,7,8,0, 
60464815,Y,7,10,0, 
60493267,Y,7,0,0, 
60466153,Y,5,5,2,MOB-6A
60464493,Y,5,0,0, 
60472212,Y,7,4,0, 
60464380,Y,7,7,0, 
60464287,Y,7,10,0, 
60464839,Y,2,0,0, 
60464511,Y,7,10,0, 
60464313,Y,7,24,0, 
60468535,Y,7,9,0, 
60464744,Y,7,9,0, 
60464543,Y,7,10,0, 
60464308,Y,7,7,0, 
60464635,Y,7,4,0, 
60464085,Y,7,0,0, 
60477372,Y,7,0,0, 
60465233,Y,7,10,0, 
60470983,Y,7,0,0, 
60465062,Y,5,0,2,MOB-7A
60469269,Y,7,0,0, 
60523625,Y,7,7,0, 
60540571,Y,7,0,0, 
60496525,Y,4,0,0, 
60564710,Y,7,0,0, 
60567993,Y,7,0,0, 
60477754,Y,7,10,0, 
60468891,Y,7,0,0, 
60468061,Y,4,0,0, 
60477367,Y,7,0,0, 
60466374,Y,5,0,2,MOB-6A
60465078,Y,7,5,0, 
60483075,Y,7,0,0, 
60478261,Y,7,0,0, 
60588286,Y,7,2,0, 
60468407,Y,7,5,0, 
60468385,Y,7,1,0, 
60517496,Y,7,0,0, 
60464438,Y,3,0,4,MOB-6A
60476746,Y,7,0,0, 
60503341,Y,7,0,0, 
60547482,Y,5,0,0, 
60465581,Y,7,10,0, 
60631230,Y,7,12,0, 
60470374,Y,7,0,0, 
60568905,Y,5,0,0, 
60466027,Y,7,0,0, 
60470797,Y,5,4,2,MOB-7A
60465976,Y,7,7,0, 
60470058,Y,7,3,0, 
60471605,Y,5,3,2,MOB-7A
60466044,Y,7,0,0, 
60464403,Y,7,2,0, 
60466471,Y,6,0,0, 
60468899,Y,7,5,0, 
60548334,Y,7,3,0, 
60472936,Y,7,0,0, 
60467990,Y,7,5,0, 
60620127,Y,5,0,0, 
60467938,Y,7,0,0, 
60464372,Y,7,3,0, 
60476456,Y,7,7,0, 
60493054,Y,7,5,0, 
60481162,Y,7,0,0, 
60603847,Y,5,4,0, 
60641262,Y,7,6,0, 
60563455,Y,5,0,0, 
60565183,Y,7,0,0, 
60464261,Y,5,4,2,MOB-6A
60470783,Y,7,3,0, 
60654682,Y,7,14,0, 
60470281,Y,7,0,0, 
60606076,Y,5,0,0, 
60464073,Y,7,23,0, 
60580228,Y,7,4,0, 
60464257,Y,3,10,4,MOB-6A
60476844,Y,6,0,0, 
60464326,Y,7,3,0, 
60472017,Y,7,3,0, 
60468037,Y,7,10,0, 
60469428,Y,7,4,0, 
60465009,Y,7,7,0, 
60557734,Y,7,2,0, 
60494849,Y,7,0,0, 
60465570,Y,7,10,0, 
60661240,Y,7,2,0, 
60465261,Y,7,0,0, 
60464329,Y,7,1,0, 
60582512,Y,7,2,0, 
60619813,Y,4,0,0, 
60467432,Y,6,0,0, 
60467386,Y,7,7,0, 
60465355,Y,3,5,4,MOB-7A
60522534,Y,7,1,0, 
60464820,Y,3,0,0, 
60468479,Y,7,0,0, 
60558857,Y,7,3,0, 
60632469,Y,1,0,0, 
60468092,Y,7,1,0, 
60651349,Y,7,0,0, 
60465117,Y,7,3,0, 
60467001,Y,7,5,0, 
60469909,Y,7,0,0, 
60596706,Y,7,10,0, 
60613285,Y,7,0,0, 
60560235,Y,7,0,0, 
60554288,Y,7,0,0, 
60467353,Y,7,4,0, 
60631562,Y,7,3,0, 
60470566,Y,7,10,0, 
60477073,Y,7,5,0, 
60476150,Y,7,4,0, 
60617969,Y,7,0,0, 
60612700,Y,7,0,0, 
60662532,Y,7,2,0, 
60642959,Y,7,0,0, 
60662305,Y,1,0,0, 
60473215,Y,7,30,0, 
60465739,Y,7,0,0, 
60544698,Y,7,3,0, 
60465295,Y,7,4,0, 
60465746,Y,3,0,0, 
60468837,Y,7,5,0, 
60476837,Y,7,11,0, 
60466499,Y,7,4,0, 
60470040,Y,7,8,0, 
60464314,Y,7,0,0, 
60474505,Y,7,4,0, 
60464318,Y,7,0,0, 
60552410,Y,7,3,0, 
60465982,Y,7,13,0, 
60465262,Y,3,5,4,MOB-7A
60628313,Y,7,0,0, 
60481092,Y,7,7,0, 
60464432,Y,7,3,0, 
60530927,Y,7,3,0, 
60591405,Y,7,0,0, 
60467410,Y,5,0,0, 
60466463,Y,7,0,0, 
60466037,Y,7,0,0, 
60591390,Y,3,0,0, 
60468649,Y,7,3,0, 
60492576,Y,7,0,0, 
60483658,Y,5,0,2,MOB-7A
60514722,Y,5,0,0, 
60613822,Y,7,0,0, 
60636946,Y,7,0,0, 
60464391,Y,7,5,0, 
60466801,Y,7,0,0, 
60615067,Y,5,0,0, 
60614740,Y,7,0,0, 
60464722,Y,7,0,0, 
60470702,Y,7,6,0, 
60464366,Y,7,8,0, 
60465194,Y,7,18,0, 
60469325,Y,7,4,0, 
60494081,Y,7,0,0, 
60468029,Y,7,7,0, 
60471917,Y,7,4,0, 
60465279,Y,7,3,0, 
60472160,Y,3,0,4,MOB-7A
60504230,Y,7,0,0, 
60467019,Y,7,0,0, 
60464855,Y,7,0,0, 
60483922,Y,3,0,0, 
60476335,Y,7,5,0, 
60470549,Y,2,0,0, 
60483203,Y,7,3,0, 
60470819,Y,7,0,0, 
60465130,Y,7,13,0, 
60617090,Y,7,2,0, 
60469414,Y,7,4,0, 
60467988,Y,6,0,0, 
60643486,Y,4,0,0, 
60483623,Y,4,0,0, 
60466685,Y,3,0,0, 
60480106,Y,7,7,0, 
60483690,Y,7,4,0, 
60564444,Y,7,0,0, 
60469130,Y,7,5,0, 
60517048,Y,7,0,0, 
60515344,Y,7,7,0, 
60465623,Y,7,0,0, 
60641483,Y,7,0,0, 
60599267,Y,7,0,0, 
60620427,Y,7,5,0, 
60472690,Y,7,10,0, 
60492491,Y,7,0,0, 
60471483,Y,7,0,0, 
60464804,Y,7,5,0, 
60465204,Y,7,0,0, 
60464299,Y,7,3,0, 
60464312,Y,7,5,0, 
60464315,Y,7,2,0, 
60482464,Y,7,10,0, 
60626968,Y,5,0,0, 
60469301,Y,7,7,0, 
60469321,Y,6,0,0, 
60545966,Y,7,0,0, 
60470232,Y,7,0,0, 
60472839,Y,7,0,0, 
60476621,Y,3,0,0, 
60464319,Y,7,3,0, 
60468074,Y,7,18,0, 
60467601,Y,7,0,0, 
60526008,Y,7,0,0, 
60465324,Y,3,11,4,MOB-7A
60468694,Y,7,0,0, 
60515379,Y,5,0,2,MOB-7A
60495263,Y,4,0,0, 
60464289,Y,7,10,0, 
60468003,Y,5,0,0, 
60578461,Y,7,25,0, 
60469577,Y,7,5,0, 
60518892,Y,7,5,0, 
60602407,Y,2,0,0, 
60468065,Y,5,0,0, 
60464226,Y,7,5,0, 
60470487,Y,7,1,0, 
60470862,Y,7,6,0, 
60501810,Y,3,0,0, 
60662705,Y,7,0,0, 
60469243,Y,7,0,0, 
60465046,Y,5,0,0, 
60470181,Y,7,0,0, 
60480865,Y,7,0,0, 
60464716,Y,7,10,0,
60554838,Y,7,2,0,
60464276,Y,7,5,0, 
60469071,Y,7,0,0, 
60464350,Y,7,7,0, 
60469033,Y,5,0,0, 
60470619,Y,7,3,0, 
60465555,Y,7,0,0, 
60570891,Y,5,0,0, 
60467026,Y,5,2,2,MOB-7A
60469826,Y,7,0,0, 
60470697,Y,7,0,0, 
60465042,Y,7,2,0, 
60466909,Y,7,7,0, 
60470486,Y,7,8,0, 
60464286,Y,7,2,0, 
60471389,Y,7,2,0, 
60464948,Y,7,5,0, 
60468485,Y,7,0,0, 
60575634,Y,7,0,0, 
60567687,Y,3,7,4,MOB-7A
60467117,Y,7,0,0, 
60467997,Y,7,0,0, 
60477486,Y,7,3,0, 
60484181,Y,5,5,0, 
60468153,Y,7,10,0, 
60468195,Y,7,0,0, 
60465075,Y,7,0,0, 
60526067,Y,7,7,0, 
60481319,Y,7,7,0, 
60464316,Y,7,5,0, 
60469674,Y,2,0,0, 
60589631,Y,7,0,0, 
60466963,Y,7,0,0, 
60466722,Y,7,6,0, 
60464302,Y,7,2,0, 
60479955,Y,7,0,0, 
60565246,Y,5,0,0, 
60635104,Y,6,0,0, 
60504103,Y,7,0,0, 
60552791,Y,5,0,0, 
60511396,Y,7,5,0, 
60482916,Y,3,1,4,MOB-7A
60467009,Y,7,4,0, 
60469542,Y,7,0,0, 
60543431,Y,7,2,0, 
60467006,Y,7,0,0, 
60468618,Y,7,3,0, 
60464990,Y,7,0,0, 
60464259,Y,7,0,0, 
60468918,Y,7,0,0, 
60582018,Y,7,0,0, 
60471595,Y,7,0,0, 
60478950,Y,3,4,4,MOB-7A
60464269,Y,7,0,0, 
60464671,Y,7,0,0, 
60608237,Y,7,0,0, 
60613869,Y,7,0,0, 
60470379,Y,5,0,0, 
60468132,Y,7,7,0, 
60466720,Y,7,0,0, 
60468364,Y,7,0,0, 
60617938,Y,7,0,0, 
60468964,Y,7,0,0, 
60464466,Y,4,0,0, 
60464275,Y,7,5,0, 
60467439,Y,7,2,0, 
60515479,Y,7,2,0, 
60466277,Y,7,7,0, 
60467503,Y,7,0,0, 
60578282,Y,7,3,0, 
60663411,Y,6,0,0, 
60506054,Y,7,0,0, 
60482218,Y,3,0,0, 
60469375,Y,5,0,0, 
60464145,Y,7,5,0, 
60465993,Y,7,7,0, 
60468198,Y,7,3,0, 
60490091,Y,7,5,0, 
60588603,Y,7,5,0, 
60467980,Y,7,5,0, 
60464923,Y,7,7,0, 
60468183,Y,7,0,0, 
60471059,Y,7,0,0, 
60471957,Y,7,3,0, 
60468371,Y,7,4,0, 
60553093,Y,7,0,0, 
60467300,Y,4,0,0, 
60627723,Y,7,3,0, 
60465120,Y,5,1,2,MOB-7A
60464296,Y,7,0,0, 
60464737,Y,7,7,0, 
60543535,Y,7,7,0, 
60467266,Y,7,0,0, 
60475524,Y,6,0,0, 
60482477,Y,7,3,0, 
60465624,Y,7,1,0, 
60469792,Y,5,0,2,MOB-6A
60464489,Y,7,2,0, 
60464496,Y,7,0,0, 
60543267,Y,7,3,0, 
60483932,Y,7,0,0, 
60468011,Y,7,3,0, 
60465984,Y,7,7,0, 
60464597,Y,7,0,0, 
60468143,Y,7,7,0, 
60464681,Y,7,0,0, 
60610819,Y,7,10,0, 
60464222,Y,7,3,0, 
60470032,Y,3,0,0, 
60469684,Y,5,4,2,MOB-7A
60470001,Y,7,10,0, 
60468021,Y,7,3,0, 
60470617,Y,7,16,0, 
60471432,Y,7,5,0, 
60467387,Y,7,7,0, 
60562212,Y,7,0,0, 
60468382,Y,7,0,0, 
60465371,Y,7,0,0, 
60525385,Y,7,0,0, 
60629113,Y,2,2,0, 
60468300,Y,7,0,0, 
60468004,Y,7,3,0, 
60468780,Y,7,0,0, 
60540777,Y,7,4,0, 
60475046,Y,7,0,0, 
60484294,Y,7,8,0, 
60479760,Y,7,20,0, 
60468008,Y,7,0,0, 
60628682,Y,7,5,0, 
60468483,Y,7,3,0, 
60477168,Y,7,5,0, 
60480127,Y,5,0,0, 
60557681,Y,7,0,0, 
60468728,Y,7,11,0, 
60469262,Y,5,0,0, 
60469084,Y,7,0,0, 
60558447,Y,7,5,0, 
60533361,Y,7,0,0, 
60465674,Y,7,0,0, 
60464714,Y,7,3,0, 
60465401,Y,7,1,0, 
60628697,Y,6,0,0, 
60548429,Y,5,6,0, 
60468314,Y,7,0,0, 
60466534,Y,5,0,0, 
60468084,Y,5,1,0, 
60553240,Y,7,4,0, 
60470505,Y,7,10,0, 
60470659,Y,7,8,0, 
60472214,Y,7,3,0, 
60481246,Y,7,2,0, 
60464827,Y,7,0,0, 
60581781,Y,7,0,0, 
60464823,Y,7,0,0, 
60468493,Y,7,0,0, 
60468247,Y,7,3,0, 
60464609,Y,7,0,0, 
60484171,Y,7,10,0, 
60464143,Y,7,3,0, 
60606873,Y,7,0,0, 
60470671,Y,7,3,0, 
60487087,Y,7,0,0, 
60505524,Y,7,0,0, 
60493704,Y,7,0,0, 
60464250,Y,7,1,0, 
60478131,Y,7,0,0, 
60464161,Y,7,5,0, 
60616699,Y,7,5,0, 
60470620,Y,7,0,0, 
60476104,Y,7,0,0, 
60468308,Y,7,2,0, 
60645089,Y,7,0,0, 
60492437,Y,7,10,0, 
60464101,Y,7,0,0, 
60486873,Y,6,0,0, 
60565107,Y,7,0,0, 
60467435,Y,7,5,0, 
60464412,Y,6,0,0, 
60640826,Y,7,0,0, 
60648298,Y,7,7,0, 
60465545,Y,7,0,0, 
60495041,Y,7,0,0, 
60501579,Y,2,0,0, 
60471289,Y,7,2,0, 
60516722,Y,7,4,0, 
60545926,Y,1,0,0, 
60475981,Y,7,3,0, 
60469165,Y,7,7,0, 
60603797,Y,7,3,0, 
60464153,Y,7,7,0, 
60493853,Y,7,0,0, 
60480826,Y,7,3,0, 
60475270,Y,7,0,0, 
60478728,Y,7,0,0, 
60620648,Y,7,9,0, 
60471650,Y,7,4,0, 
60566286,Y,7,13,0, 
60467456,Y,7,0,0, 
60472786,Y,7,15,0, 
60466484,Y,4,0,0, 
60464979,Y,7,1,0, 
60496210,Y,7,5,0, 
60643164,Y,3,0,0, 
60464310,Y,7,0,0, 
60565505,Y,7,0,0, 
60567969,Y,7,0,0, 
60490615,Y,1,4,0, 
60495786,Y,7,5,0, 
60591148,Y,7,0,0, 
60483653,Y,7,13,0, 
60469459,Y,7,2,0, 
60469340,Y,7,10,0, 
60497217,Y,7,5,0,
60488604,Y,7,2,0, 
60649231,Y,1,0,0, 
60472207,Y,7,0,0, 
60470068,Y,7,0,0, 
60466358,Y,7,1,0, 
60526808,Y,4,0,0, 
60613158,Y,7,0,0, 
60471889,Y,7,4,0, 
60647815,Y,7,0,0, 
60543423,Y,7,3,0, 
60478145,Y,1,0,0, 
60472038,Y,1,0,0, 
60470052,Y,5,0,0, 
60627298,Y,7,0,0, 
60522831,Y,6,0,0, 
60472966,Y,7,0,0, 
60652283,Y,5,0,0, 
60519097,Y,3,0,0, 
60472596,Y,7,0,0, 
60470740,Y,7,0,0, 
60472662,Y,4,0,0, 
60489103,Y,7,6,0, 
60653833,Y,2,0,0, 
60636408,Y,5,0,0,
60563645,Y,7,0,0, 
60471755,Y,6,0,0, 
60470836,Y,7,0,0, 
60472805,Y,3,0,0, 
60477821,Y,7,0,0, 
60469422,Y,7,5,0, 
60518553,Y,7,3,0, 
60476143,Y,7,0,0, 
60606685,Y,7,3,0, 
60466809,Y,7,0,0, 
60472039,Y,5,0,0, 
60470129,Y,7,0,0, 
60569601,Y,1,0,0, 
60470461,Y,7,5,0, 
60464862,Y,7,3,0, 
60613475,Y,7,0,0, 
60470775,Y,7,0,0, 
60517249,Y,1,0,4,MOB-7A
60472225,Y,7,5,0, 
60473579,Y,7,0,0, 
60470424,Y,3,0,4,MOB-6A
60470236,Y,7,13,0, 
60559766,Y,4,0,0, 
60480746,Y,7,0,0, 
60471717,Y,7,4,0, 
60470425,Y,7,0,0, 
60521434,Y,7,0,0, 
60464563,Y,7,6,0, 
60471940,Y,7,0,0, 
60465647,Y,5,0,2,MOB-6A
60480297,Y,7,2,0, 
60467446,Y,7,0,0, 
60472761,Y,7,0,0, 
60475554,Y,7,0,0, 
60469134,Y,7,0,0, 
60481508,Y,7,3,0, 
60465465,Y,7,4,0, 
60470318,Y,7,0,0, 
60586890,Y,5,0,0, 
60471753,Y,7,0,0, 
60482266,Y,7,5,0, 
60470322,Y,5,7,2,MOB-7A
60477564,Y,7,0,0, 
60496239,Y,3,0,0, 
60472088,Y,7,9,0, 
60482574,Y,7,0,0, 
60466955,Y,5,0,0, 
60468914,Y,4,0,0, 
60466072,Y,3,0,0, 
60464572,Y,7,1,0, 
60467676,Y,7,0,0, 
60507680,Y,1,0,0, 
60474195,Y,3,0,0, 
60464550,Y,3,0,0, 
60564689,Y,7,2,0, 
60603805,Y,2,0,0, 
60628935,Y,1,0,0, 
60465544,Y,7,3,0, 
60471460,Y,3,0,0, 
60518593,Y,7,0,0, 
60631258,Y,7,4,0, 
60471185,Y,2,0,0, 
60464284,Y,7,3,0, 
60467150,Y,7,5,0, 
60470101,Y,2,0,0, 
60476821,Y,7,0,0, 
60643304,Y,5,0,0, 
60533895,Y,3,0,0, 
60464557,Y,7,3,0, 
60469373,Y,2,0,0, 
60464940,Y,4,0,0, 
60465210,Y,7,0,0, 
60472308,Y,3,0,0, 
60465687,Y,7,0,0, 
60465742,Y,4,0,0, 
60616473,Y,7,0,0, 
60582216,Y,2,0,0, 
60482398,Y,7,0,0, 
60465172,Y,7,0,0, 
60504868,Y,5,0,0, 
60501885,Y,7,0,0, 
60502693,Y,3,0,0, 
60530959,Y,7,0,0, 
60664647,Y,7,0,0, 
60442959,Y,2,0,0, 
60557419,Y,4,0,0, 
60604826,Y,7,10,0, 
60468012,Y,7,7,0, 
60475173,Y,5,0,0, 
60653456,Y,7,0,0, 
60654508,Y,5,0,0, 
60502605,Y,7,0,0, 
60536890,Y,7,0,0, 
60465635,Y,7,0,0, 
60464766,Y,7,3,0, 
60470225,Y,7,0,0, 
60472363,Y,7,0,0, 
60465406,Y,7,0,0, 
60475796,Y,7,0,0, 
60478147,Y,7,1,0, 
60467863,Y,7,7,0, 
60464247,Y,5,0,0, 
60477644,Y,7,0,0, 
60464497,Y,7,3,0, 
60480009,Y,7,5,0, 
60465979,Y,1,0,0, 
60471841,Y,7,0,0, 
60465309,Y,7,0,0, 
60467278,Y,7,0,0, 
60466951,Y,7,0,0, 
60637949,Y,4,0,0, 
60466361,Y,7,4,0, 
60467444,Y,7,7,0, 
60501816,Y,7,0,0, 
60481514,Y,7,0,0, 
60467273,Y,5,0,2,MOB-7A
60464270,Y,7,7,0, 
60464282,Y,7,23,0, 
60606385,Y,7,0,0, 
60464881,Y,7,0,0, 
60464172,Y,7,10,0, 
60500488,Y,7,10,0, 
60466618,Y,7,0,0, 
60468400,Y,7,0,0, 
60464293,Y,7,0,0, 
60464423,Y,7,0,0, 
60467461,Y,7,0,0, 
60651696,Y,4,0,0,